{"train/loss": 1.4661, "train/learning_rate": 0.0007722222222222223, "train/epoch": 1.45, "train/global_step": 3050, "_timestamp": 1718637019.6101332, "_runtime": 10212.593170166016, "_step": 121}